{
  "hash": "836e509c",
  "configHash": "fb76d7db",
  "lockfileHash": "89acce9b",
  "browserHash": "ce5c170b",
  "optimized": {
    "@angular/core": {
      "src": "../../../../../node_modules/@angular/core/fesm2022/core.mjs",
      "file": "@angular_core.js",
      "fileHash": "2830142c",
      "needsInterop": false
    },
    "@angular/platform-browser": {
      "src": "../../../../../node_modules/@angular/platform-browser/fesm2022/platform-browser.mjs",
      "file": "@angular_platform-browser.js",
      "fileHash": "129be793",
      "needsInterop": false
    },
    "@angular/router": {
      "src": "../../../../../node_modules/@angular/router/fesm2022/router.mjs",
      "file": "@angular_router.js",
      "fileHash": "0f406349",
      "needsInterop": false
    },
    "@angular/common": {
      "src": "../../../../../node_modules/@angular/common/fesm2022/common.mjs",
      "file": "@angular_common.js",
      "fileHash": "a8da292b",
      "needsInterop": false
    }
  },
  "chunks": {
    "chunk-6TAVLA7F": {
      "file": "chunk-6TAVLA7F.js"
    },
    "chunk-EBYPFRY3": {
      "file": "chunk-EBYPFRY3.js"
    },
    "chunk-B5LUOZ3Q": {
      "file": "chunk-B5LUOZ3Q.js"
    }
  }
}