{
  "hash": "b0571d07",
  "configHash": "a74c9279",
  "lockfileHash": "1bac277f",
  "browserHash": "05bb8afe",
  "optimized": {
    "@angular/core": {
      "src": "../../../../../node_modules/@angular/core/fesm2022/core.mjs",
      "file": "@angular_core.js",
      "fileHash": "9a0063a5",
      "needsInterop": false
    },
    "@angular/platform-browser": {
      "src": "../../../../../node_modules/@angular/platform-browser/fesm2022/platform-browser.mjs",
      "file": "@angular_platform-browser.js",
      "fileHash": "96349e4d",
      "needsInterop": false
    },
    "@angular/router": {
      "src": "../../../../../node_modules/@angular/router/fesm2022/router.mjs",
      "file": "@angular_router.js",
      "fileHash": "ddf6e04f",
      "needsInterop": false
    }
  },
  "chunks": {
    "chunk-N66RCRT4": {
      "file": "chunk-N66RCRT4.js"
    },
    "chunk-B5LUOZ3Q": {
      "file": "chunk-B5LUOZ3Q.js"
    }
  }
}