{
  "hash": "3f76a141",
  "configHash": "a1370624",
  "lockfileHash": "5838ef22",
  "browserHash": "a553daab",
  "optimized": {
    "@angular/common": {
      "src": "../../../../../node_modules/@angular/common/fesm2022/common.mjs",
      "file": "@angular_common.js",
      "fileHash": "c4d339f1",
      "needsInterop": false
    },
    "@angular/common/http": {
      "src": "../../../../../node_modules/@angular/common/fesm2022/http.mjs",
      "file": "@angular_common_http.js",
      "fileHash": "53779daa",
      "needsInterop": false
    },
    "@angular/core": {
      "src": "../../../../../node_modules/@angular/core/fesm2022/core.mjs",
      "file": "@angular_core.js",
      "fileHash": "7b18bcd1",
      "needsInterop": false
    },
    "@angular/platform-browser": {
      "src": "../../../../../node_modules/@angular/platform-browser/fesm2022/platform-browser.mjs",
      "file": "@angular_platform-browser.js",
      "fileHash": "124f70c5",
      "needsInterop": false
    },
    "@angular/router": {
      "src": "../../../../../node_modules/@angular/router/fesm2022/router.mjs",
      "file": "@angular_router.js",
      "fileHash": "53ed7af7",
      "needsInterop": false
    },
    "@angular/forms": {
      "src": "../../../../../node_modules/@angular/forms/fesm2022/forms.mjs",
      "file": "@angular_forms.js",
      "fileHash": "1140303b",
      "needsInterop": false
    }
  },
  "chunks": {
    "chunk-NTCP47MG": {
      "file": "chunk-NTCP47MG.js"
    },
    "chunk-NI3FVHXP": {
      "file": "chunk-NI3FVHXP.js"
    },
    "chunk-JNMCCJRC": {
      "file": "chunk-JNMCCJRC.js"
    },
    "chunk-ADFJBWRY": {
      "file": "chunk-ADFJBWRY.js"
    }
  }
}