{
  "employees": [
    {
      "id": "1",
      "first_name": "Sebastian",
      "last_name": "Eschweiler",
      "email": "sebastian@codingthesmartway.com"
    },
    {
      "id": "2",
      "first_name": "Steve",
      "last_name": "Palmer",
      "email": "steve@codingthesmartway.com"
    },
    {
      "id": "3",
      "first_name": "Ann",
      "last_name": "Smith",
      "email": "ann@codingthesmartway.com"
    },
    {
      "id": "10003",
      "first_name": "vara",
      "last_name": "prasad",
      "email": "vara@gmail.com"
    },
    {
      "id": "10003",
      "first_name": "Rajesh",
      "last_name": "kumar",
      "email": "rajesh@gmail.com"
    }
  ]
}