{
  "hash": "257e8153",
  "configHash": "f94f9da8",
  "lockfileHash": "43f132c3",
  "browserHash": "4899a28d",
  "optimized": {
    "@angular/common": {
      "src": "../../../../../node_modules/@angular/common/fesm2022/common.mjs",
      "file": "@angular_common.js",
      "fileHash": "1990d9b7",
      "needsInterop": false
    },
    "@angular/core": {
      "src": "../../../../../node_modules/@angular/core/fesm2022/core.mjs",
      "file": "@angular_core.js",
      "fileHash": "73b9d293",
      "needsInterop": false
    },
    "@angular/platform-browser": {
      "src": "../../../../../node_modules/@angular/platform-browser/fesm2022/platform-browser.mjs",
      "file": "@angular_platform-browser.js",
      "fileHash": "10e7e838",
      "needsInterop": false
    },
    "@angular/router": {
      "src": "../../../../../node_modules/@angular/router/fesm2022/router.mjs",
      "file": "@angular_router.js",
      "fileHash": "7eb0497e",
      "needsInterop": false
    }
  },
  "chunks": {
    "chunk-6TAVLA7F": {
      "file": "chunk-6TAVLA7F.js"
    },
    "chunk-EBYPFRY3": {
      "file": "chunk-EBYPFRY3.js"
    },
    "chunk-B5LUOZ3Q": {
      "file": "chunk-B5LUOZ3Q.js"
    }
  }
}